<?xml version="1.0" encoding="UTF-8" standalone="no" ?><CAERep ObjId="77" Type="CAERep" Ver="2"><DSEnvironmentID PropType="int">24</DSEnvironmentID><ExternalProductVersion PropType="string">2023 R1</ExternalProductVersion><Goal PropType="string">RunSolver</Goal><HasBetaKeyOn PropType="bool">false</HasBetaKeyOn><InProcess PropType="bool">true</InProcess><LastDatabaseId PropType="unsigned int">102</LastDatabaseId><NumProcessorsForPost PropType="int">0</NumProcessorsForPost><PID_Legacy_Solve PropType="int">0</PID_Legacy_Solve><PartialCode PropType="int">1</PartialCode><ProductVersion PropType="string">23.1 RELEASE</ProductVersion><ProductVersionForSec PropType="string">23.1</ProductVersionForSec><ProjectName PropType="string">Front Uprights--Static Structural (A5)</ProjectName><ReturnCode PropType="int">1</ReturnCode><SolveInvokedFromAddin PropType="int">0</SolveInvokedFromAddin><SysvarMap PropType="map&lt;string,string>"><Entry key="DSSolver ProgId">AMKSolver.AMKSolver.231</Entry></SysvarMap><EngineeringRep ObjId="78" Type="EngineeringRep" Ver="2"><BCRep ObjId="81" Type="BCRep" Ver="2"><StepEndTimes PropType="vector&lt;double>" UCat="Time" Unt="s">    1</StepEndTimes><SurfaceForce ObjId="32" Type="Force" Ver="2"><Caption PropType="string">Force</Caption><LoadAppliedBy PropType="unsigned int">1</LoadAppliedBy><LoadDefineBy PropType="unsigned int">0</LoadDefineBy><RefCoordSysId PropType="unsigned int">23</RefCoordSysId><Scoping PropType="vector&lt;string>">33</Scoping><LoadStep ObjId="96" Type="LoadStep" Ver="2"><ActiveBitmask PropType="vector&lt;int>">63</ActiveBitmask><IsActive PropType="vector&lt;bool>">true</IsActive><Number PropType="vector&lt;int>"/></LoadStep><ComponentX ObjId="97" Type="Table" Ver="2"><StepNumber PropType="vector&lt;int>">1,1</StepNumber><Time PropType="vector&lt;double>" UCat="Time" Unt="s">    0,    1</Time><Values PropType="vector&lt;double>" UCat="Force" Unt="N"> 1000, 1000</Values></ComponentX><ComponentY ObjId="98" Type="Table" Ver="2"><StepNumber PropType="vector&lt;int>">1,1</StepNumber><Time PropType="vector&lt;double>" UCat="Time" Unt="s">    0,    1</Time><Values PropType="vector&lt;double>" UCat="Force" Unt="N">    0,    0</Values></ComponentY><ComponentZ ObjId="99" Type="Table" Ver="2"><StepNumber PropType="vector&lt;int>">1,1</StepNumber><Time PropType="vector&lt;double>" UCat="Time" Unt="s">    0,    1</Time><Values PropType="vector&lt;double>" UCat="Force" Unt="N">-1000,-1000</Values></ComponentZ></SurfaceForce><FixedSurfaceSupport ObjId="30" Type="Support" Ver="2"><Caption PropType="string">Fixed Support</Caption><Scoping PropType="vector&lt;string>">31</Scoping><Type PropType="string"/></FixedSurfaceSupport></BCRep><GeometryAttributes ObjId="79" Type="GeometryAttributes" Ver="2"><AssemblyAttributes ObjId="80" Type="AssemblyAttributes" Ver="2"><ElementOptionControl PropType="string">ProgramControlled</ElementOptionControl><GeometrySource PropType="string">\\Mac\Home\Documents\Acadamia\Vanderbilt\FSAE\vandymotorsports\Data Acquisition\Front Upright Analysis\Front Uprights_files\dp0\SYS\DM\SYS.agdb</GeometrySource><Is2DAnalysis PropType="bool">false</Is2DAnalysis><IsMixedDimension PropType="bool">false</IsMixedDimension><PartAttributes ObjId="67" Type="PartAttributes" Ver="2"><Caption PropType="string">SYS\Solid1</Caption><Mass PropType="double" UCat="Mass" Unt="kg">0.6687415589526895</Mass><PartId PropType="unsigned int">9031</PartId><BodyAttributes ObjId="68" Type="BodyAttributes" Ver="2"><AreNonLinearEffectsOn PropType="bool">true</AreNonLinearEffectsOn><BoundingBoxDiagonal PropType="double" UCat="Length" Unt="m">0.2417480723038553</BoundingBoxDiagonal><Caption PropType="string">SYS\Solid1</Caption><ElementCoordSysId PropType="unsigned int">23</ElementCoordSysId><GeometryType PropType="string">Solid</GeometryType><Mass PropType="double" UCat="Mass" Unt="kg">0.6687415589526895</Mass><ProtoReferenceId PropType="unsigned int">10005</ProtoReferenceId><StiffnessBehavior PropType="string">Deformable</StiffnessBehavior><ThermalStrainCalculation PropType="bool">true</ThermalStrainCalculation><Centroid ObjId="88" Type="DSGePoint3d" Ver="3"><Coordinates PropType="vector&lt;double>" UCat="Length" Unt="m">-0.002637998950771287,0.02412111549499953,-0.001682297332662956</Coordinates></Centroid><MassMomentOfInertia ObjId="87" Type="MassMomentOfInertia" Ver="2"><Ixx PropType="double" UCat="MomentInertiaMass" Unt="kg m^2">0.001566115120447355</Ixx><Iyy PropType="double" UCat="MomentInertiaMass" Unt="kg m^2">0.001752875865594859</Iyy><Izz PropType="double" UCat="MomentInertiaMass" Unt="kg m^2">0.0003975337648531873</Izz></MassMomentOfInertia><MaterialRep ObjId="86" Type="MaterialRep" Ver="2"><MaterialName PropType="string">Aluminum Alloy</MaterialName><ReferenceTemperature PropType="double" UCat="Temperature" Unt="Celsius">   22</ReferenceTemperature><RelaxationTemperature PropType="double" UCat="Temperature" Unt="Celsius">    0</RelaxationTemperature><UnitSystem PropType="int">0</UnitSystem><UseReferenceTemperature PropType="bool">false</UseReferenceTemperature><UseRelaxationTemperature PropType="bool">false</UseRelaxationTemperature></MaterialRep></BodyAttributes><Centroid ObjId="89" Type="DSGePoint3d" Ver="3"><Coordinates PropType="vector&lt;double>" UCat="Length" Unt="m">-0.002637998950771287,0.02412111549499953,-0.001682297332662956</Coordinates></Centroid><MassMomentOfInertia ObjId="90" Type="MassMomentOfInertia" Ver="2"><Ixx PropType="double" UCat="MomentInertiaMass" Unt="kg m^2">0.001566115120447355</Ixx><Iyy PropType="double" UCat="MomentInertiaMass" Unt="kg m^2">0.001752875865594859</Iyy><Izz PropType="double" UCat="MomentInertiaMass" Unt="kg m^2">0.0003975337648531873</Izz><CoordinateSystemRep ObjId="91" Type="CoordinateSystemRep" Ver="3"><Caption PropType="string">Undefined</Caption><CoordSystemIndex PropType="unsigned int">0</CoordSystemIndex><IsGlobal PropType="bool">false</IsGlobal><Param1 PropType="double">    1</Param1><Param2 PropType="double">    1</Param2><Singularity1 PropType="int">0</Singularity1><Singularity2 PropType="int">0</Singularity2><SolverCoordNumber PropType="unsigned int">0</SolverCoordNumber><Type PropType="string">Cartesian</Type><DSGePoint3d ObjId="93" Type="DSGePoint3d" Ver="3"><Coordinates PropType="vector&lt;double>" UCat="Length" Unt="m">-0.002637998950771287,0.02412111549499953,-0.001682297332662956</Coordinates></DSGePoint3d><Matrix3X3 ObjId="92" Type="Matrix3X3" Ver="2"><IsOrthogonal PropType="bool">false</IsOrthogonal><Row0 PropType="vector&lt;double>">0.9949450006487393,0.09885392036998812,0.01767337295381049</Row0><Row1 PropType="vector&lt;double>">-0.1000377444895173,0.9910422285284958,0.08847457799121244</Row1><Row2 PropType="vector&lt;double>">-0.00876900003024797,-0.08979534342468505,0.9959216339339718</Row2></Matrix3X3></CoordinateSystemRep></MassMomentOfInertia></PartAttributes></AssemblyAttributes></GeometryAttributes><ServiceRep ObjId="82" Type="ServiceRep" Ver="2"><CoordinateSystemRep ObjId="23" Type="CoordinateSystemRep" Ver="3"><Caption PropType="string">Global Coordinate System</Caption><CoordSystemIndex PropType="unsigned int">0</CoordSystemIndex><IsGlobal PropType="bool">true</IsGlobal><Param1 PropType="double">    1</Param1><Param2 PropType="double">    1</Param2><Singularity1 PropType="int">0</Singularity1><Singularity2 PropType="int">0</Singularity2><SolverCoordNumber PropType="int">0</SolverCoordNumber><Type PropType="string">Cartesian</Type><DSGePoint3d ObjId="95" Type="DSGePoint3d" Ver="3"><Coordinates PropType="vector&lt;double>" UCat="Length" Unt="m">    0,    0,    0</Coordinates></DSGePoint3d><Matrix3X3 ObjId="94" Type="Matrix3X3" Ver="2"><IsOrthogonal PropType="bool">false</IsOrthogonal><Row0 PropType="vector&lt;double>">    1,    0,    0</Row0><Row1 PropType="vector&lt;double>">    0,    1,    0</Row1><Row2 PropType="vector&lt;double>">    0,    0,    1</Row2></Matrix3X3></CoordinateSystemRep></ServiceRep></EngineeringRep><GeometryRep ObjId="85" Type="GeometryRep" Ver="2"><ActiveAssembly PropType="unsigned int">1</ActiveAssembly><PartsAssembly PropType="string">000000000771F098</PartsAssembly><Units PropType="string">m</Units></GeometryRep><MaterialLibraryRep ObjId="84" Type="MaterialLibraryRep" Ver="2"><FileName PropType="string">MatML.xml</FileName></MaterialLibraryRep><MeshRep ObjId="83" Type="MeshRep" Ver="2"><AssemblyMesh PropType="string">0000000047C31CC8</AssemblyMesh><Configuration PropType="unsigned int">75</Configuration><IndependentMesh PropType="string">IndependentMesh.bin</IndependentMesh><RigidBodyBehavior PropType="string">DimensionallyReduced</RigidBodyBehavior><Units PropType="string">m</Units></MeshRep><SolverRep ObjId="100" Type="SolverRep" Ver="2"><AnalysisType PropType="string">Static</AnalysisType><IsCoupledFieldSystem PropType="bool">false</IsCoupledFieldSystem><PhysicsType PropType="string">Mechanical</PhysicsType><SolverTargetName PropType="string">ANSYS</SolverTargetName><SolverUnits PropType="int">11</SolverUnits><UnknownPointerId PropType="string">000000000E491820</UnknownPointerId><FEConnectorsRep ObjId="26" Type="FEConnectorsRep" Ver="2"><StepSelection PropType="int">0</StepSelection></FEConnectorsRep><FileManagementRep ObjId="102" Type="FileManagementRep" Ver="2"><DeleteUnneededFiles PropType="bool">true</DeleteUnneededFiles><SolverFileDirectory PropType="string"/><SolverFileRelativeDirectory PropType="string"/></FileManagementRep><ProcessControls ObjId="101" Type="ProcessControls" Ver="2"><DistributedSolve PropType="bool">true</DistributedSolve><IsLocal PropType="bool">true</IsLocal><IsRSMSolve PropType="bool">false</IsRSMSolve><ManualMemorySettings PropType="bool">false</ManualMemorySettings><MaxProcessors PropType="int">4</MaxProcessors></ProcessControls><AnalysisSettings CAEType="extObj"><StaticMechanicalSettings version="1.0"><StepControls version="1.0"><EndTime>1.</EndTime><TimeStepOptions version="1.0"><AutoTimeSteppingType>ProgramControlled</AutoTimeSteppingType></TimeStepOptions><NonlinearControls version="1.0"><Force><ProgramControlled/></Force><Moment><ProgramControlled/></Moment><Rotation><ProgramControlled/></Rotation><Displacement><ProgramControlled/></Displacement><LineSearch>ProgramControlled</LineSearch><StabilizationControls><StabilizationControls version="1.0"><Controls>Program Controlled</Controls><Method>Energy</Method><EnergyDissipationRatio>1.e-004</EnergyDissipationRatio><DampingFactor>0.</DampingFactor><FirstSubstepOption>No</FirstSubstepOption><ForceLimit>0.2</ForceLimit></StabilizationControls></StabilizationControls><Energy><Off/></Energy></NonlinearControls><OutputControls version="1.0"><Stress>true</Stress><Strain>true</Strain><Contact>false</Contact><TimePointsOptions>All</TimePointsOptions><MaxNumberofResultSets>1000</MaxNumberofResultSets><GeneralMisc>false</GeneralMisc><CalculateFracture>false</CalculateFracture><SurfaceStress>false</SurfaceStress><BackStress>false</BackStress><ElementContactData>true</ElementContactData><ElementNonlinearData>false</ElementNonlinearData><ElementEulerAngles>true</ElementEulerAngles><ElementEnergies>true</ElementEnergies><ElementEnergies>true</ElementEnergies><ExportRecoaterInterference>false</ExportRecoaterInterference><ExportHighStrains>false</ExportHighStrains><ResultSetsType>Auto</ResultSetsType><CacheResultsInMemoryType>Never</CacheResultsInMemoryType><StoreModalResult>ProgramControlled</StoreModalResult><ExpandResultFrom>ProgramControlled</ExpandResultFrom><ProgControlledExpansion>Unknown</ProgControlledExpansion><NodalForcesType>No</NodalForcesType><CalculateParticipationFactorResult>ProgramControlled</CalculateParticipationFactorResult><CombineResultFiles>ProgramControlled</CombineResultFiles><ResultFileCompression>ProgramControlled</ResultFileCompression><TimePointsOptions>All</TimePointsOptions><ResultSets></ResultSets></OutputControls><CreepControls version="1.0"><CreepActivation/><CreepLimitRatio>1.</CreepLimitRatio></CreepControls><NonlinearAdaptivityControls version="3.0"><NLADHasMesh>0.</NLADHasMesh><NLADRefinementAlgorithm>0.</NLADRefinementAlgorithm><NLADRemeshingGradient>3.</NLADRemeshingGradient><NLADNumSculptedLayers>2.</NLADNumSculptedLayers><NLADNumSculptedLayersVal2>2.</NLADNumSculptedLayersVal2><NLADBoundaryAngle>15.</NLADBoundaryAngle><NLADRemeshingTolerance>5.e-002</NLADRemeshingTolerance><NLADRemeshingToleranceVal2>0.5</NLADRemeshingToleranceVal2><NLADGlobalSizeRatio>1.</NLADGlobalSizeRatio><NLADGlobalSizeRatioVal2>0.75</NLADGlobalSizeRatioVal2><NLADEdgeSplitAngle>10.</NLADEdgeSplitAngle><NLADLocalSizeRatio>1.</NLADLocalSizeRatio><NLADAggressiveRemeshing>0.</NLADAggressiveRemeshing><NLADProjectToGeometry>0.</NLADProjectToGeometry><MinimumElementSize>0.</MinimumElementSize></NonlinearAdaptivityControls><InertialRelief>false</InertialRelief><InverseSolving>false</InverseSolving><LoadCaseIdentifier></LoadCaseIdentifier></StepControls><SolverControls version="1.0"><SolverType><ProgramControlled/></SolverType><UseLargeDeformation>false</UseLargeDeformation><WeakSprings><Off/></WeakSprings><FractureSolution>true</FractureSolution><NewtonRaphsonType><ProgramControlled/></NewtonRaphsonType><SolverPivotChecking>ProgramControlled</SolverPivotChecking><ContactSplit><Off/></ContactSplit><QuasiStaticOption>false</QuasiStaticOption><SemiImplicit><Off/></SemiImplicit><CyclicMSUP>false</CyclicMSUP></SolverControls><SolverFileControls version="1.0"><SolverEngineType>ANSYS</SolverEngineType><SolverUnits>11</SolverUnits><SolverFilesDirectory>\\Mac\Home\Documents\Acadamia\Vanderbilt\FSAE\vandymotorsports\Data Acquisition\Front Upright Analysis\Front Uprights_files\dp0\SYS\MECH\</SolverFilesDirectory><SolverJobname>file</SolverJobname><ScratchSolverFilesDirectory>\\Mac\Home\Documents\Acadamia\Vanderbilt\FSAE\vandymotorsports\Data Acquisition\Front Upright Analysis\_ProjectScratch\Scr6B96\</ScratchSolverFilesDirectory><AdditionalList></AdditionalList><SaveANSYSDB>false</SaveANSYSDB><ContactSummary>kAnalysisSettingsContactSummaryProgramControlled</ContactSummary><DeleteUnusedFiles>true</DeleteUnusedFiles><ResultFile>file.rst</ResultFile><NonlinearSolution>false</NonlinearSolution></SolverFileControls><RestartAnalysis version="1.0"><RestartType>ProgramControlled</RestartType><RestartAction>ContinueAnalysis</RestartAction><RestartAtLoadStep>0</RestartAtLoadStep><RestartAtSubstep>0</RestartAtSubstep><RestartAtTime>0.000000000000000</RestartAtTime><EndStepTime>0.000000000000000</EndStepTime><MaxRestartAutoTime>0.000000000000000</MaxRestartAutoTime><ModifiedLoads></ModifiedLoads></RestartAnalysis><RestartControls version="1.0"><Controls>ProgramControlled</Controls><SaveAtLoadStep>None</SaveAtLoadStep><SaveSpecifiedLoadStep>1</SaveSpecifiedLoadStep><SaveAtSubstep>None</SaveAtSubstep><SaveSubstepFrequency>1</SaveSubstepFrequency><SaveMaximumFiles>0</SaveMaximumFiles><RetainFiles>No</RetainFiles><CombineMultiFrames>ProgramControlled</CombineMultiFrames></RestartControls><FractureControls version="1.0"><FractureSolverControls><HasSMARTCrackGrowth>false</HasSMARTCrackGrowth></FractureSolverControls></FractureControls><RotordynamicsControls version="1.0"><CoriolisEffect>No</CoriolisEffect><ReferenceFrameStationary>Stationary</ReferenceFrameStationary><RotatingDampingEffect>No</RotatingDampingEffect><CampbellDiagram>No</CampbellDiagram><Sorting>Yes</Sorting><ModalNumberofPoints>2</ModalNumberofPoints><ModeReuse>ProgramControlled</ModeReuse></RotordynamicsControls><MeshRestartControls version="1.0"><Controls>ProgramControlled</Controls><SaveAtLoadStep>None</SaveAtLoadStep><SaveAtSubstep>None</SaveAtSubstep><SaveSubstepFrequency>1</SaveSubstepFrequency><RetainFiles>Yes</RetainFiles></MeshRestartControls></StaticMechanicalSettings></AnalysisSettings></SolverRep></CAERep>