<?xml version="1.0" encoding="UTF-8"?>
<EngineeringData version="23.1.0.230" versiondate="11/28/2022 8:19:00 AM">
  <Notes>
  </Notes>
  <Materials>
    <MatML_Doc>
      <Material>
        <BulkDetails>
          <Name>Aluminum Alloy</Name>
          <Description>General aluminum alloy.  Fatigue properties come from MIL-HDBK-5H, page 3-277. </Description>
          <Class>
            <Name>Alloy</Name>
          </Class>
          <PropertyData property="pr0">
            <Data format="string">-</Data>
            <ParameterValue parameter="pa0" format="float">
              <Data>138</Data>
              <Qualifier name="Variable Type">Dependent</Qualifier>
              <Qualifier name="Offset">0</Qualifier>
              <Qualifier name="Scale">1</Qualifier>
              <Qualifier name="Units">
              </Qualifier>
            </ParameterValue>
            <ParameterValue parameter="pa1" format="float">
              <Data>104</Data>
              <Qualifier name="Variable Type">Dependent</Qualifier>
              <Qualifier name="Offset">0</Qualifier>
              <Qualifier name="Scale">1</Qualifier>
              <Qualifier name="Units">
              </Qualifier>
            </ParameterValue>
            <ParameterValue parameter="pa2" format="float">
              <Data>46</Data>
              <Qualifier name="Variable Type">Dependent</Qualifier>
              <Qualifier name="Offset">0</Qualifier>
              <Qualifier name="Scale">1</Qualifier>
              <Qualifier name="Units">
              </Qualifier>
            </ParameterValue>
            <ParameterValue parameter="pa3" format="string">
              <Data>Appearance</Data>
            </ParameterValue>
          </PropertyData>
          <PropertyData property="pr1">
            <Data format="string">-</Data>
            <ParameterValue parameter="pa4" format="float">
              <Data>0</Data>
              <Qualifier name="Variable Type">Dependent</Qualifier>
              <Qualifier name="Offset">0 [Pa]</Qualifier>
              <Qualifier name="Scale">1</Qualifier>
              <Qualifier name="Units">Pa</Qualifier>
            </ParameterValue>
          </PropertyData>
          <PropertyData property="pr2">
            <Data format="string">-</Data>
            <ParameterValue parameter="pa5" format="float">
              <Data>280000000</Data>
              <Qualifier name="Variable Type">Dependent</Qualifier>
              <Qualifier name="Offset">0 [Pa]</Qualifier>
              <Qualifier name="Scale">1</Qualifier>
              <Qualifier name="Units">Pa</Qualifier>
            </ParameterValue>
          </PropertyData>
          <PropertyData property="pr3">
            <Data format="string">-</Data>
            <Qualifier name="Field Variable Compatible">Temperature</Qualifier>
            <ParameterValue parameter="pa6" format="string">
              <Data>Interpolation Options</Data>
              <Qualifier name="AlgorithmType">Linear Multivariate (Qhull)</Qualifier>
              <Qualifier name="Normalized">True</Qualifier>
              <Qualifier name="Cached">True</Qualifier>
              <Qualifier name="ExtrapolationType">Projection to the Bounding Box</Qualifier>
            </ParameterValue>
            <ParameterValue parameter="pa7" format="float">
              <Data>2770</Data>
              <Qualifier name="Variable Type">Dependent</Qualifier>
              <Qualifier name="Offset">0 [kg m^-3]</Qualifier>
              <Qualifier name="Scale">1</Qualifier>
              <Qualifier name="Units">kg m^-3</Qualifier>
            </ParameterValue>
            <ParameterValue parameter="pa8" format="float">
              <Data>7.88860905221012e-31</Data>
              <Qualifier name="Variable Type">Independent</Qualifier>
              <Qualifier name="Offset">0 [C]</Qualifier>
              <Qualifier name="Scale">1</Qualifier>
              <Qualifier name="Units">C</Qualifier>
              <Qualifier name="Field Variable">Temperature</Qualifier>
              <Qualifier name="Default Data">22</Qualifier>
              <Qualifier name="Field Units">C</Qualifier>
              <Qualifier name="Upper Limit">Program Controlled</Qualifier>
              <Qualifier name="Lower Limit">Program Controlled</Qualifier>
            </ParameterValue>
          </PropertyData>
          <PropertyData property="pr4">
            <Data format="string">-</Data>
            <ParameterValue parameter="pa9" format="float">
              <Data>280000000</Data>
              <Qualifier name="Variable Type">Dependent</Qualifier>
              <Qualifier name="Offset">0 [Pa]</Qualifier>
              <Qualifier name="Scale">1</Qualifier>
              <Qualifier name="Units">Pa</Qualifier>
            </ParameterValue>
          </PropertyData>
          <PropertyData property="pr5">
            <Data format="string">-</Data>
            <ParameterValue parameter="pa10" format="float">
              <Data>310000000</Data>
              <Qualifier name="Variable Type">Dependent</Qualifier>
              <Qualifier name="Offset">0 [Pa]</Qualifier>
              <Qualifier name="Scale">1</Qualifier>
              <Qualifier name="Units">Pa</Qualifier>
            </ParameterValue>
          </PropertyData>
          <PropertyData property="pr6">
            <Data format="string">-</Data>
            <Qualifier name="Definition">Secant</Qualifier>
            <Qualifier name="Behavior">Isotropic</Qualifier>
            <Qualifier name="Field Variable Compatible">Temperature</Qualifier>
            <ParameterValue parameter="pa6" format="string">
              <Data>Interpolation Options</Data>
              <Qualifier name="AlgorithmType">Linear Multivariate (Qhull)</Qualifier>
              <Qualifier name="Normalized">True</Qualifier>
              <Qualifier name="Cached">True</Qualifier>
              <Qualifier name="ExtrapolationType">Projection to the Bounding Box</Qualifier>
            </ParameterValue>
            <ParameterValue parameter="pa11" format="float">
              <Data>2.3e-05</Data>
              <Qualifier name="Variable Type">Dependent</Qualifier>
              <Qualifier name="Offset">0 [C^-1]</Qualifier>
              <Qualifier name="Scale">1</Qualifier>
              <Qualifier name="Units">C^-1</Qualifier>
            </ParameterValue>
            <ParameterValue parameter="pa8" format="float">
              <Data>7.88860905221012e-31</Data>
              <Qualifier name="Variable Type">Independent</Qualifier>
              <Qualifier name="Offset">0 [C]</Qualifier>
              <Qualifier name="Scale">1</Qualifier>
              <Qualifier name="Units">C</Qualifier>
              <Qualifier name="Field Variable">Temperature</Qualifier>
              <Qualifier name="Default Data">22</Qualifier>
              <Qualifier name="Field Units">C</Qualifier>
              <Qualifier name="Upper Limit">Program Controlled</Qualifier>
              <Qualifier name="Lower Limit">Program Controlled</Qualifier>
            </ParameterValue>
          </PropertyData>
          <PropertyData property="pr7">
            <Data format="string">-</Data>
            <Qualifier name="Definition">Secant</Qualifier>
            <Qualifier name="Behavior">Isotropic</Qualifier>
            <ParameterValue parameter="pa12" format="float">
              <Data>22</Data>
              <Qualifier name="Variable Type">Dependent</Qualifier>
              <Qualifier name="Offset">0 [C]</Qualifier>
              <Qualifier name="Scale">1</Qualifier>
              <Qualifier name="Units">C</Qualifier>
            </ParameterValue>
            <ParameterValue parameter="pa3" format="string">
              <Data>Coefficient of Thermal Expansion</Data>
            </ParameterValue>
          </PropertyData>
          <PropertyData property="pr8">
            <Data format="string">-</Data>
            <Qualifier name="Definition">Constant Pressure</Qualifier>
            <Qualifier name="Field Variable Compatible">Temperature</Qualifier>
            <Qualifier name="Symbol">Cᵨ</Qualifier>
            <ParameterValue parameter="pa6" format="string">
              <Data>Interpolation Options</Data>
              <Qualifier name="AlgorithmType">Linear Multivariate (Qhull)</Qualifier>
              <Qualifier name="Normalized">True</Qualifier>
              <Qualifier name="Cached">True</Qualifier>
              <Qualifier name="ExtrapolationType">Projection to the Bounding Box</Qualifier>
            </ParameterValue>
            <ParameterValue parameter="pa13" format="float">
              <Data>875</Data>
              <Qualifier name="Variable Type">Dependent</Qualifier>
              <Qualifier name="Offset">0 [J kg^-1 C^-1]</Qualifier>
              <Qualifier name="Scale">1</Qualifier>
              <Qualifier name="Units">J kg^-1 C^-1</Qualifier>
            </ParameterValue>
            <ParameterValue parameter="pa8" format="float">
              <Data>7.88860905221012e-31</Data>
              <Qualifier name="Variable Type">Independent</Qualifier>
              <Qualifier name="Offset">0 [C]</Qualifier>
              <Qualifier name="Scale">1</Qualifier>
              <Qualifier name="Units">C</Qualifier>
              <Qualifier name="Field Variable">Temperature</Qualifier>
              <Qualifier name="Default Data">22</Qualifier>
              <Qualifier name="Field Units">C</Qualifier>
              <Qualifier name="Upper Limit">Program Controlled</Qualifier>
              <Qualifier name="Lower Limit">Program Controlled</Qualifier>
            </ParameterValue>
          </PropertyData>
          <PropertyData property="pr9">
            <Data format="string">-</Data>
            <Qualifier name="Behavior">Isotropic</Qualifier>
            <Qualifier name="Field Variable Compatible">Temperature</Qualifier>
            <ParameterValue parameter="pa6" format="string">
              <Data>Interpolation Options</Data>
              <Qualifier name="AlgorithmType">Linear Multivariate (Qhull)</Qualifier>
              <Qualifier name="Normalized">True</Qualifier>
              <Qualifier name="Cached">True</Qualifier>
              <Qualifier name="ExtrapolationType">Projection to the Bounding Box</Qualifier>
            </ParameterValue>
            <ParameterValue parameter="pa14" format="float">
              <Data>114,144,165,175</Data>
              <Qualifier name="Variable Type">Dependent,Dependent,Dependent,Dependent</Qualifier>
              <Qualifier name="Offset">0 [W m^-1 C^-1],0 [W m^-1 C^-1],0 [W m^-1 C^-1],0 [W m^-1 C^-1]</Qualifier>
              <Qualifier name="Scale">1,1,1,1</Qualifier>
              <Qualifier name="Units">W m^-1 C^-1,W m^-1 C^-1,W m^-1 C^-1,W m^-1 C^-1</Qualifier>
            </ParameterValue>
            <ParameterValue parameter="pa8" format="float">
              <Data>-100,0,100,200</Data>
              <Qualifier name="Variable Type">Independent,Independent,Independent,Independent</Qualifier>
              <Qualifier name="Offset">0 [C],0 [C],0 [C],0 [C]</Qualifier>
              <Qualifier name="Scale">1,1,1,1</Qualifier>
              <Qualifier name="Units">C,C,C,C</Qualifier>
              <Qualifier name="Field Variable">Temperature</Qualifier>
              <Qualifier name="Default Data">22</Qualifier>
              <Qualifier name="Field Units">C</Qualifier>
              <Qualifier name="Upper Limit">Program Controlled</Qualifier>
              <Qualifier name="Lower Limit">Program Controlled</Qualifier>
            </ParameterValue>
          </PropertyData>
          <PropertyData property="pr10">
            <Data format="string">-</Data>
            <Qualifier name="Interpolation">Semi-Log</Qualifier>
            <Qualifier name="Field Variable Compatible">Mean Stress</Qualifier>
            <ParameterValue parameter="pa15" format="float">
              <Data>275800000,241300000,206800000,172400000,137900000,117200000,89630000,82740000,170600000,139600000,108600000,87910000,77570000,72390000,144800000,120700000,103400000,93080000,86180000,72390000,74120000,70670000,66360000,62050000</Data>
              <Qualifier name="Variable Type">Dependent,Dependent,Dependent,Dependent,Dependent,Dependent,Dependent,Dependent,Dependent,Dependent,Dependent,Dependent,Dependent,Dependent,Dependent,Dependent,Dependent,Dependent,Dependent,Dependent,Dependent,Dependent,Dependent,Dependent</Qualifier>
              <Qualifier name="Offset">0 [Pa],0 [Pa],0 [Pa],0 [Pa],0 [Pa],0 [Pa],0 [Pa],0 [Pa],0 [Pa],0 [Pa],0 [Pa],0 [Pa],0 [Pa],0 [Pa],0 [Pa],0 [Pa],0 [Pa],0 [Pa],0 [Pa],0 [Pa],0 [Pa],0 [Pa],0 [Pa],0 [Pa]</Qualifier>
              <Qualifier name="Scale">1,1,1,1,1,1,1,1,1,1,1,1,1,1,1,1,1,1,1,1,1,1,1,1</Qualifier>
              <Qualifier name="Units">Pa,Pa,Pa,Pa,Pa,Pa,Pa,Pa,Pa,Pa,Pa,Pa,Pa,Pa,Pa,Pa,Pa,Pa,Pa,Pa,Pa,Pa,Pa,Pa</Qualifier>
            </ParameterValue>
            <ParameterValue parameter="pa16" format="float">
              <Data>1700,5000,34000,140000,800000,2400000,55000000,100000000,50000,350000,3700000,14000000,50000000,100000000,50000,190000,1300000,4400000,12000000,100000000,300000,1500000,12000000,100000000</Data>
              <Qualifier name="Variable Type">Independent,Independent,Independent,Independent,Independent,Independent,Independent,Independent,Independent,Independent,Independent,Independent,Independent,Independent,Independent,Independent,Independent,Independent,Independent,Independent,Independent,Independent,Independent,Independent</Qualifier>
              <Qualifier name="Offset">0,0,0,0,0,0,0,0,0,0,0,0,0,0,0,0,0,0,0,0,0,0,0,0</Qualifier>
              <Qualifier name="Scale">1,1,1,1,1,1,1,1,1,1,1,1,1,1,1,1,1,1,1,1,1,1,1,1</Qualifier>
              <Qualifier name="Units">,,,,,,,,,,,,,,,,,,,,,,,</Qualifier>
            </ParameterValue>
            <ParameterValue parameter="pa17" format="float">
              <Data>-1,-1,-1,-1,-1,-1,-1,-1,-0.5,-0.5,-0.5,-0.5,-0.5,-0.5,0,0,0,0,0,0,0.5,0.5,0.5,0.5</Data>
              <Qualifier name="Variable Type">Independent,Independent,Independent,Independent,Independent,Independent,Independent,Independent,Independent,Independent,Independent,Independent,Independent,Independent,Independent,Independent,Independent,Independent,Independent,Independent,Independent,Independent,Independent,Independent</Qualifier>
              <Qualifier name="Offset">0,0,0,0,0,0,0,0,0,0,0,0,0,0,0,0,0,0,0,0,0,0,0,0</Qualifier>
              <Qualifier name="Scale">1,1,1,1,1,1,1,1,1,1,1,1,1,1,1,1,1,1,1,1,1,1,1,1</Qualifier>
              <Qualifier name="Units">,,,,,,,,,,,,,,,,,,,,,,,</Qualifier>
              <Qualifier name="Field Variable">R-Ratio</Qualifier>
              <Qualifier name="Default Data">-1</Qualifier>
              <Qualifier name="Field Units">
              </Qualifier>
              <Qualifier name="Upper Limit">Program Controlled</Qualifier>
              <Qualifier name="Lower Limit">Program Controlled</Qualifier>
            </ParameterValue>
          </PropertyData>
          <PropertyData property="pr11">
            <Data format="string">-</Data>
            <Qualifier name="Behavior">Isotropic</Qualifier>
            <ParameterValue parameter="pa18" format="float">
              <Data>2.43e-08,2.67e-08,3.63e-08</Data>
              <Qualifier name="Variable Type">Dependent,Dependent,Dependent</Qualifier>
              <Qualifier name="Offset">0 [ohm m],0 [ohm m],0 [ohm m]</Qualifier>
              <Qualifier name="Scale">1,1,1</Qualifier>
              <Qualifier name="Units">ohm m,ohm m,ohm m</Qualifier>
            </ParameterValue>
            <ParameterValue parameter="pa8" format="float">
              <Data>0,20,100</Data>
              <Qualifier name="Variable Type">Independent,Independent,Independent</Qualifier>
              <Qualifier name="Offset">0 [C],0 [C],0 [C]</Qualifier>
              <Qualifier name="Scale">1,1,1</Qualifier>
              <Qualifier name="Units">C,C,C</Qualifier>
            </ParameterValue>
          </PropertyData>
          <PropertyData property="pr12">
            <Data format="string">-</Data>
            <Qualifier name="Behavior">Isotropic</Qualifier>
            <Qualifier name="Derive from">Young's Modulus and Poisson's Ratio</Qualifier>
            <Qualifier name="Field Variable Compatible">Temperature</Qualifier>
            <ParameterValue parameter="pa6" format="string">
              <Data>Interpolation Options</Data>
              <Qualifier name="AlgorithmType">Linear Multivariate (Qhull)</Qualifier>
              <Qualifier name="Normalized">True</Qualifier>
              <Qualifier name="Cached">True</Qualifier>
              <Qualifier name="ExtrapolationType">Projection to the Bounding Box</Qualifier>
            </ParameterValue>
            <ParameterValue parameter="pa19" format="float">
              <Data>71000000000</Data>
              <Qualifier name="Variable Type">Dependent</Qualifier>
              <Qualifier name="Offset">0 [Pa]</Qualifier>
              <Qualifier name="Scale">1</Qualifier>
              <Qualifier name="Units">Pa</Qualifier>
            </ParameterValue>
            <ParameterValue parameter="pa20" format="float">
              <Data>0.33</Data>
              <Qualifier name="Variable Type">Dependent</Qualifier>
              <Qualifier name="Offset">0</Qualifier>
              <Qualifier name="Scale">1</Qualifier>
              <Qualifier name="Units">
              </Qualifier>
            </ParameterValue>
            <ParameterValue parameter="pa21" format="float">
              <Data>69607843137.2549</Data>
              <Qualifier name="Variable Type">Dependent</Qualifier>
              <Qualifier name="Offset">0 [Pa]</Qualifier>
              <Qualifier name="Scale">1</Qualifier>
              <Qualifier name="Units">Pa</Qualifier>
            </ParameterValue>
            <ParameterValue parameter="pa22" format="float">
              <Data>26691729323.3083</Data>
              <Qualifier name="Variable Type">Dependent</Qualifier>
              <Qualifier name="Offset">0 [Pa]</Qualifier>
              <Qualifier name="Scale">1</Qualifier>
              <Qualifier name="Units">Pa</Qualifier>
            </ParameterValue>
            <ParameterValue parameter="pa8" format="float">
              <Data>7.88860905221012e-31</Data>
              <Qualifier name="Variable Type">Independent</Qualifier>
              <Qualifier name="Offset">0 [C]</Qualifier>
              <Qualifier name="Scale">1</Qualifier>
              <Qualifier name="Units">C</Qualifier>
              <Qualifier name="Field Variable">Temperature</Qualifier>
              <Qualifier name="Default Data">22</Qualifier>
              <Qualifier name="Field Units">C</Qualifier>
              <Qualifier name="Upper Limit">Program Controlled</Qualifier>
              <Qualifier name="Lower Limit">Program Controlled</Qualifier>
            </ParameterValue>
          </PropertyData>
          <PropertyData property="pr13">
            <Data format="string">-</Data>
            <Qualifier name="Behavior">Isotropic</Qualifier>
            <ParameterValue parameter="pa23" format="float">
              <Data>1</Data>
              <Qualifier name="Variable Type">Dependent</Qualifier>
              <Qualifier name="Offset">0</Qualifier>
              <Qualifier name="Scale">1</Qualifier>
              <Qualifier name="Units">
              </Qualifier>
            </ParameterValue>
          </PropertyData>
          <PropertyData property="pr14">
            <Data format="string">-</Data>
            <Qualifier name="guid">35d48138-be0c-4a97-839b-6fba81b9f834</Qualifier>
            <Qualifier name="Display">False</Qualifier>
          </PropertyData>
        </BulkDetails>
      </Material>
      <Metadata>
        <ParameterDetails id="pa0">
          <Name>Red</Name>
        </ParameterDetails>
        <ParameterDetails id="pa1">
          <Name>Green</Name>
        </ParameterDetails>
        <ParameterDetails id="pa2">
          <Name>Blue</Name>
        </ParameterDetails>
        <ParameterDetails id="pa3">
          <Name>Material Property</Name>
        </ParameterDetails>
        <ParameterDetails id="pa4">
          <Name>Compressive Ultimate Strength</Name>
          <Units name="Stress" />
        </ParameterDetails>
        <ParameterDetails id="pa5">
          <Name>Compressive Yield Strength</Name>
          <Units name="Stress" />
        </ParameterDetails>
        <ParameterDetails id="pa6">
          <Name>Options Variable</Name>
        </ParameterDetails>
        <ParameterDetails id="pa7">
          <Name>Density</Name>
          <Units name="Density" />
        </ParameterDetails>
        <ParameterDetails id="pa8">
          <Name>Temperature</Name>
          <Units name="Temperature" />
        </ParameterDetails>
        <ParameterDetails id="pa9">
          <Name>Tensile Yield Strength</Name>
          <Units name="Stress" />
        </ParameterDetails>
        <ParameterDetails id="pa10">
          <Name>Tensile Ultimate Strength</Name>
          <Units name="Stress" />
        </ParameterDetails>
        <ParameterDetails id="pa11">
          <Name>Coefficient of Thermal Expansion</Name>
          <Units name="InvTemp1" />
        </ParameterDetails>
        <ParameterDetails id="pa12">
          <Name>Zero-Thermal-Strain Reference Temperature</Name>
          <Units name="Temperature" />
        </ParameterDetails>
        <ParameterDetails id="pa13">
          <Name>Specific Heat</Name>
          <Units name="Specific Heat Capacity" />
        </ParameterDetails>
        <ParameterDetails id="pa14">
          <Name>Thermal Conductivity</Name>
          <Units name="Thermal Conductivity" />
        </ParameterDetails>
        <ParameterDetails id="pa15">
          <Name>Alternating Stress</Name>
          <Units name="Stress" />
        </ParameterDetails>
        <ParameterDetails id="pa16">
          <Name>Cycles</Name>
        </ParameterDetails>
        <ParameterDetails id="pa17">
          <Name>R-Ratio</Name>
        </ParameterDetails>
        <ParameterDetails id="pa18">
          <Name>Resistivity</Name>
          <Units name="Electrical Resistivity" />
        </ParameterDetails>
        <ParameterDetails id="pa19">
          <Name>Young's Modulus</Name>
          <Units name="Stress" />
        </ParameterDetails>
        <ParameterDetails id="pa20">
          <Name>Poisson's Ratio</Name>
        </ParameterDetails>
        <ParameterDetails id="pa21">
          <Name>Bulk Modulus</Name>
          <Units name="Stress" />
        </ParameterDetails>
        <ParameterDetails id="pa22">
          <Name>Shear Modulus</Name>
          <Units name="Stress" />
        </ParameterDetails>
        <ParameterDetails id="pa23">
          <Name>Relative Permeability</Name>
        </ParameterDetails>
        <PropertyDetails id="pr0">
          <Name>Color</Name>
        </PropertyDetails>
        <PropertyDetails id="pr1">
          <Name>Compressive Ultimate Strength</Name>
        </PropertyDetails>
        <PropertyDetails id="pr2">
          <Name>Compressive Yield Strength</Name>
        </PropertyDetails>
        <PropertyDetails id="pr3">
          <Name>Density</Name>
        </PropertyDetails>
        <PropertyDetails id="pr4">
          <Name>Tensile Yield Strength</Name>
        </PropertyDetails>
        <PropertyDetails id="pr5">
          <Name>Tensile Ultimate Strength</Name>
        </PropertyDetails>
        <PropertyDetails id="pr6">
          <Name>Coefficient of Thermal Expansion</Name>
        </PropertyDetails>
        <PropertyDetails id="pr7">
          <Name>Zero-Thermal-Strain Reference Temperature</Name>
        </PropertyDetails>
        <PropertyDetails id="pr8">
          <Name>Specific Heat</Name>
        </PropertyDetails>
        <PropertyDetails id="pr9">
          <Name>Thermal Conductivity</Name>
        </PropertyDetails>
        <PropertyDetails id="pr10">
          <Name>S-N Curve</Name>
        </PropertyDetails>
        <PropertyDetails id="pr11">
          <Name>Resistivity</Name>
        </PropertyDetails>
        <PropertyDetails id="pr12">
          <Name>Elasticity</Name>
        </PropertyDetails>
        <PropertyDetails id="pr13">
          <Name>Relative Permeability</Name>
        </PropertyDetails>
        <PropertyDetails id="pr14">
          <Name>Material Unique Id</Name>
        </PropertyDetails>
      </Metadata>
    </MatML_Doc>
  </Materials>
  <ANSYSWBTransferData>
    <Materials>
      <Material>
        <Name>Aluminum Alloy</Name>
        <DataTransferID>788377c0-68fc-44af-8f23-02bc9c47a3e0</DataTransferID>
        <PreviousTransferIDs>
        </PreviousTransferIDs>
      </Material>
    </Materials>
  </ANSYSWBTransferData>
</EngineeringData>